off,from_url_1,redirect_to_url
301,https://indiantigersafaris.com/photography-tour-with-mohan-thomas3-night-4-days-in-satpura-2/,https://indiantigersafaris.com
301,https://indiantigersafaris.com/portfolio/market-expansion/,https://indiantigersafaris.com
301,https://indiantigersafaris.com/portfolio/revenue-growth/,https://indiantigersafaris.com
301,https://indiantigersafaris.com/portfolio/chan-agency/,https://indiantigersafaris.com
301,https://indiantigersafaris.com/tour-packages/bandhavgarh-4-days-tour-package-from-jabalpur/techinbox.in,https://indiantigersafaris.com
301,https://indiantigersafaris.com/service/forest-grill/,https://indiantigersafaris.com
301,https://indiantigersafaris.com/portfolio-category/stakeholder-relations/,https://indiantigersafaris.com
301,https://indiantigersafaris.com/case-study/walking-safari-mobile-camping/,https://indiantigersafaris.com
301,https://indiantigersafaris.com/tiger-reserves/sundarban-national-park/,https://indiantigersafaris.com
301,https://indiantigersafaris.com/tour-packages/10-days-bandhavgarh-sdtr-panna-safari-with-khajuraho-temples-visit/,https://indiantigersafaris.com
301,https://indiantigersafaris.com/tour-packages/4-days-panna-bandhavgarh-safari-adventure-from-jabalpur-to-khajuraho/,https://indiantigersafaris.com
301,https://indiantigersafaris.com/kanha-tour-packages/,https://indiantigersafaris.com
301,https://indiantigersafaris.com/tour-packages/7-days-bandhavgarh-panna-tour-package-from-delhi/,https://indiantigersafaris.com
301,https://indiantigersafaris.com/pench-tour-packages/,https://indiantigersafaris.com
301,https://indiantigersafaris.com/tadoba-tour-packages/,https://indiantigersafaris.com
301,https://indiantigersafaris.com/10-top-activities-in-satpura/,https://indiantigersafaris.com
301,https://indiantigersafaris.com/satpura-tour-packages/,https://indiantigersafaris.com
301,https://indiantigersafaris.com/terms-conditions/,https://indiantigersafaris.com
301,https://indiantigersafaris.com/service/success-fullfill/,https://indiantigersafaris.com
301,https://indiantigersafaris.com/footer/footer-4/,https://indiantigersafaris.com
301,https://indiantigersafaris.com/bandhavgarh-tour-packages/,https://indiantigersafaris.com
301,https://indiantigersafaris.com/ct-mega-menu/menu-1/,https://indiantigersafaris.com
301,https://indiantigersafaris.com/ct-mega-menu/,https://indiantigersafaris.com
301,https://indiantigersafaris.com/jim-corbett-tour-packages/,https://indiantigersafaris.com
301,https://indiantigersafaris.com/courses/,https://indiantigersafaris.com
301,https://indiantigersafaris.com/tour-packages/?feed=rss2,https://indiantigersafaris.com
301,https://indiantigersafaris.com/case-study/cycling-safari-camping/,https://indiantigersafaris.com
301,https://indiantigersafaris.com/courses/awards-recognitions/,https://indiantigersafaris.com
301,https://indiantigersafaris.com/best-zones-in-satpura-2/,https://indiantigersafaris.com
301,https://indiantigersafaris.com/corbett-resort/,https://indiantigersafaris.com
301,https://indiantigersafaris.com/courses/tips-for-tiger-safari/,https://indiantigersafaris.com
301,https://indiantigersafaris.com/case-study/,https://indiantigersafaris.com
301,https://indiantigersafaris.com/tadoba-national-park/techinbox.in,https://indiantigersafaris.com
301,https://indiantigersafaris.com/tour-packages/pannas-tigers-4-days-safari-khajuraho-tour/techinbox.in,https://indiantigersafaris.com
301,https://indiantigersafaris.com/footer/no-footer/,https://indiantigersafaris.com
301,https://indiantigersafaris.com/footer/footer-6-inner-page/,https://indiantigersafaris.com
301,https://indiantigersafaris.com/tour-packages/wildlife-adventure-10-days-sunderban-manas-kaziranga-tour-with-village-visit/techinbox.in,https://indiantigersafaris.com
301,https://indiantigersafaris.com/tour-packages/4-days-kanha-tour-package-from-jabalpur-to-jabalpur/techinbox.in,https://indiantigersafaris.com
301,https://indiantigersafaris.com/land-of-collarwali/techinbox.in,https://indiantigersafaris.com
301,https://indiantigersafaris.com/satpura-national-park/techinbox.in,https://indiantigersafaris.com
301,https://indiantigersafaris.com/wildlife-package/pench-tiger-reserve/page/2/techinbox.in,https://indiantigersafaris.com
301,https://indiantigersafaris.com/tour-packages/central-indias-best-parks-10-days-bandhavgarh-kanha-safari-from-delhi/techinbox.in,https://indiantigersafaris.com
301,https://indiantigersafaris.com/tadoba-accommodation-at-bodhivann-jungle-camp/techinbox.in,https://indiantigersafaris.com
301,https://indiantigersafaris.com/tour-packages/explore-bandhavgarh-kanha-pench-12-days-jungle-safari-adventure/techinbox.in,https://indiantigersafaris.com
301,https://indiantigersafaris.com/tour-packages/5-days-bandhavgarh-kanha-safari-with-marble-rocks/techinbox.in,https://indiantigersafaris.com
301,https://indiantigersafaris.com/tour-packages/4-day-satpura-national-park-tour-package-from-bhopal/techinbox.in,https://indiantigersafaris.com
301,https://indiantigersafaris.com/wildlife-package/kaziranga-tiger-reserve/page/2/techinbox.in,https://indiantigersafaris.com
301,https://indiantigersafaris.com/tiger-reserves/satpura-tiger-reserve/techinbox.in,https://indiantigersafaris.com
301,https://indiantigersafaris.com/tour-packages/15-days-corbett-manas-kaziranga-tour-package-from-delhi/techinbox.in,https://indiantigersafaris.com
301,https://indiantigersafaris.com/wildlife-package/bandhavgarh-tiger-reserve/techinbox.in,https://indiantigersafaris.com
301,https://indiantigersafaris.com/resort/wildmark-kanha-resort/techinbox.in,https://indiantigersafaris.com
301,https://indiantigersafaris.com/dreamland-dhikala/techinbox.in,https://indiantigersafaris.com
301,https://indiantigersafaris.com/tour-packages/tiger-sightings-4-days-pench-national-park-safari/techinbox.in,https://indiantigersafaris.com
301,https://indiantigersafaris.com/tour-packages/15-days-sunderban-manas-kaziranga-tour-package/techinbox.in,https://indiantigersafaris.com
301,https://indiantigersafaris.com/tiger-reserves/tadoba-tiger-reserve/techinbox.in,https://indiantigersafaris.com
301,https://indiantigersafaris.com/tour-packages/indias-best-national-parks-15-days-corbett-satpura-kaziranga-tour/techinbox.in,https://indiantigersafaris.com
301,https://indiantigersafaris.com/tour-packages/15-days-bandhavgarh-kanha-pench-panna-tour-package/techinbox.in,https://indiantigersafaris.com
301,https://indiantigersafaris.com/tour-packages/4-days-tadoba-pench-safari-from-nagpur/techinbox.in,https://indiantigersafaris.com
301,https://indiantigersafaris.com/wildlife-package/kanha-tiger-reserve/techinbox.in,https://indiantigersafaris.com
301,https://indiantigersafaris.com/tour-packages/4-days-kanha-bandhavgarh-tour-package/techinbox.in,https://indiantigersafaris.com
301,https://indiantigersafaris.com/tiger-reserves/corbett-tiger-reserve/techinbox.in,https://indiantigersafaris.com
301,https://indiantigersafaris.com/tour-packages/7-days-sunderban-kaziranga-tour-package-with-village-visit/techinbox.in,https://indiantigersafaris.com
301,https://indiantigersafaris.com/tour-packages/4-days-adventure-in-sunderban-from-delhi/techinbox.in,https://indiantigersafaris.com
301,https://indiantigersafaris.com/tour-packages/10-days-satpura-pench-national-parks-tour/techinbox.in,https://indiantigersafaris.com
301,https://indiantigersafaris.com/tour-packages/12-days-bandhavgarh-kanha-pench-tadoba-safari-with-marble-rocks-visit/techinbox.in,https://indiantigersafaris.com
301,https://indiantigersafaris.com/tiger-cubs-expedition/techinbox.in,https://indiantigersafaris.com
301,https://indiantigersafaris.com/tour-packages/7-days-manas-kaziranga-tour-package/techinbox.in,https://indiantigersafaris.com
301,https://indiantigersafaris.com/pench-tiger-cubs-expedition/techinbox.in,https://indiantigersafaris.com
301,https://indiantigersafaris.com/tiger-reserves/bandhavgarh-tiger-reserve/techinbox.in,https://indiantigersafaris.com
301,https://indiantigersafaris.com/tour-packages/explore-indias-top-wildlife-10-days-satpura-tadoba-safari-from-delhi/techinbox.in,https://indiantigersafaris.com
301,https://indiantigersafaris.com/tour-packages/15-days-jungle-safari-adventure-bandhavgarh-kanha-pench-with-marble-rocks-visit/techinbox.in,https://indiantigersafaris.com
301,https://indiantigersafaris.com/resort/kulamama-resort-pench/techinbox.in,https://indiantigersafaris.com
301,https://indiantigersafaris.com/tour-packages/15-days-ultimate-jungle-safari-corbett-tadoba-kaziranga/techinbox.in,https://indiantigersafaris.com
301,https://indiantigersafaris.com/tour-packages/explore-madhya-pradeshs-10-days-satpura-kanha-pench-safari-tour/techinbox.in,https://indiantigersafaris.com
301,https://indiantigersafaris.com/resort/zeal-resort-tadoba/techinbox.in,https://indiantigersafaris.com
301,https://indiantigersafaris.com/resort/bandhavgarh-meadows/techinbox.in,https://indiantigersafaris.com
301,https://indiantigersafaris.com/resort/village-machaan-resort-in-pench/techinbox.in,https://indiantigersafaris.com
301,https://indiantigersafaris.com/about-us/techinbox.in,https://indiantigersafaris.com
301,https://indiantigersafaris.com/tour-packages/eastern-indias-best-wildlife-12-days-sunderban-manas-kaziranga-tour/techinbox.in,https://indiantigersafaris.com
301,https://indiantigersafaris.com/jhinjhini-mahal-madhai-tour/techinbox.in,https://indiantigersafaris.com
301,https://indiantigersafaris.com/tiger-reserves/kanha-tiger-reserve/techinbox.in,https://indiantigersafaris.com
301,https://indiantigersafaris.com/resort/natures-sprout-singh-estate-resort/techinbox.in,https://indiantigersafaris.com
301,https://indiantigersafaris.com/tour-packages/corbett-national-park-4-days-tour-with-jungle-safari/techinbox.in,https://indiantigersafaris.com
301,https://indiantigersafaris.com/tour-packages/tadoba-pench-national-parks-7-days-wildlife-adventure/techinbox.in,https://indiantigersafaris.com
301,https://indiantigersafaris.com/wildlife-package/satpura-tiger-reserve/techinbox.in,https://indiantigersafaris.com
301,https://indiantigersafaris.com/privacy-policy/techinbox.in,https://indiantigersafaris.com
301,https://indiantigersafaris.com/contact-us/techinbox.in,https://indiantigersafaris.com
301,https://indiantigersafaris.com/wildlife-expert-tour-packages/techinbox.in,https://indiantigersafaris.com
301,https://indiantigersafaris.com/tour-packages/wildlife-adventure-in-kaziranga-4-days-tour-from-guwahati/techinbox.in,https://indiantigersafaris.com
301,https://indiantigersafaris.com/tour-packages/bandhavgarh-kanha-7-days-jungle-safari-tour-with-marble-rocks-visit/techinbox.in,https://indiantigersafaris.com
301,https://indiantigersafaris.com/terms-and-conditions/techinbox.in,https://indiantigersafaris.com
301,https://indiantigersafaris.com/tiger-marathon-pench/techinbox.in,https://indiantigersafaris.com
301,https://indiantigersafaris.com/kanha-tiger-reserve/techinbox.in,https://indiantigersafaris.com
301,https://indiantigersafaris.com/satpura-accommodation-at-gourissa-resort/techinbox.in,https://indiantigersafaris.com
301,https://indiantigersafaris.com/techinbox.in,https://indiantigersafaris.com
301,https://indiantigersafaris.com/tour-packages/10-days-tadoba-pench-luxury-safari-tour-package-from-delhi/techinbox.in,https://indiantigersafaris.com
301,https://indiantigersafaris.com/satpura-trails/techinbox.in,https://indiantigersafaris.com
301,https://indiantigersafaris.com/wildlife-package/corbett-tiger-reserve/techinbox.in,https://indiantigersafaris.com
301,https://indiantigersafaris.com/tiger-reserves/pench-tiger-reserve/techinbox.in,https://indiantigersafaris.com
301,https://indiantigersafaris.com/tour-packages/10-days-bandhavgarh-sdtr-panna-safari-with-khajuraho-temples-visit/techinbox.in,https://indiantigersafaris.com
301,https://indiantigersafaris.com/wildlife-package/pench-tiger-reserve/techinbox.in,https://indiantigersafaris.com
301,https://indiantigersafaris.com/tour-packages/pachmarhi-madai-5-days-satpura-national-park-adventure/techinbox.in,https://indiantigersafaris.com
301,https://indiantigersafaris.com/resort/tadoba-safari-stay-resort/techinbox.in,https://indiantigersafaris.com
301,https://indiantigersafaris.com/tour-packages/5-days-satpura-national-park-tour-package/techinbox.in,https://indiantigersafaris.com
301,https://indiantigersafaris.com/bandhavgarh-national-park/techinbox.in,https://indiantigersafaris.com
301,https://indiantigersafaris.com/cancellation-policy/techinbox.in,https://indiantigersafaris.com
301,https://indiantigersafaris.com/tour-packages/wildlife-adventure-15-days-corbett-pench-kaziranga-tour-with-12-safaris/techinbox.in,https://indiantigersafaris.com
301,https://indiantigersafaris.com/tour-packages/15-days-bandhavgarh-kanha-pench-panna-tour-package/,https://indiantigersafaris.com
301,https://indiantigersafaris.com/jim-corbett-national-park/techinbox.in,https://indiantigersafaris.com
301,https://indiantigersafaris.com/mohan-thomas-wildlife-tour-packages/techinbox.in,https://indiantigersafaris.com
301,https://indiantigersafaris.com/bandhavgarh-accommodation-at-bandhavgarh-meadows/techinbox.in,https://indiantigersafaris.com
301,https://indiantigersafaris.com/kanha-resort-natures-sprout-wildmark-kanha/techinbox.in,https://indiantigersafaris.com
301,https://indiantigersafaris.com/tour-packages/adventure-at-pench-national-park-5-days-safari-tour/techinbox.in,https://indiantigersafaris.com
301,https://indiantigersafaris.com/wildlife-package/tadoba-andhari-tiger-reserve/techinbox.in,https://indiantigersafaris.com
301,https://indiantigersafaris.com/tour-packages/4-days-panna-bandhavgarh-safari-adventure-from-jabalpur-to-khajuraho/techinbox.in,https://indiantigersafaris.com
301,https://indiantigersafaris.com/wp-json/elementskit/v1/,https://indiantigersafaris.com
301,https://indiantigersafaris.com/kanha-national-park/techinbox.in,https://indiantigersafaris.com
301,https://indiantigersafaris.com/tour-packages/12-days-bandhavgarh-kanha-pench-panna-safari-with-khajuraho-temples-visit/techinbox.in,https://indiantigersafaris.com
301,https://indiantigersafaris.com/tour-packages/5-days-bandhavgarh-sanjay-dhubri-tiger-reserve-tour-package/,https://indiantigersafaris.com
301,https://indiantigersafaris.com/pench-accommodation-at-village-machaan/techinbox.in,https://indiantigersafaris.com
301,https://indiantigersafaris.com/wildlife-package/tadoba-andhari-tiger-reserve/page/2/techinbox.in,https://indiantigersafaris.com
301,https://indiantigersafaris.com/wildlife-package/manas-national-park/techinbox.in,https://indiantigersafaris.com
301,https://indiantigersafaris.com/tour-packages/best-of-pench-tadoba-5-days-national-parks-safari/techinbox.in,https://indiantigersafaris.com
301,https://indiantigersafaris.com/tadoba-accommodation-at-tadoba-safari-stay/techinbox.in,https://indiantigersafaris.com
301,https://indiantigersafaris.com/wildlife-package/kaziranga-tiger-reserve/techinbox.in,https://indiantigersafaris.com
301,https://indiantigersafaris.com/wildlife-package/sunderban-tiger-reserve/techinbox.in,https://indiantigersafaris.com
301,https://indiantigersafaris.com/tiger-reserves/kaziranga-tiger-reserve/techinbox.in,https://indiantigersafaris.com
301,https://indiantigersafaris.com/resort/gourissa-resorts/techinbox.in,https://indiantigersafaris.com
301,https://indiantigersafaris.com/tiger-reserves/manas-national-park/techinbox.in,https://indiantigersafaris.com
301,https://indiantigersafaris.com/tour-packages/7-days-bandhavgarh-panna-tour-package-from-delhi/techinbox.in,https://indiantigersafaris.com
301,https://indiantigersafaris.com/tour-packages/experience-central-indias-best-parks-15-days-bandhavgarh-kanha-pench-tadoba-safari-from-delhi/techinbox.in,https://indiantigersafaris.com
301,https://indiantigersafaris.com/tour-packages/4-days-tadoba-tiger-safari-package-from-nagpur/techinbox.in,https://indiantigersafaris.com
301,https://indiantigersafaris.com/pench-national-park/techinbox.in,https://indiantigersafaris.com
301,https://indiantigersafaris.com/portfolio/data-analytics/,https://indiantigersafaris.com
301,https://indiantigersafaris.com/reservation/theindiantigersafaris@gmail.com,https://indiantigersafaris.com
301,https://indiantigersafaris.com/portfolio/court-imperial/,https://indiantigersafaris.com
301,https://indiantigersafaris.com/satpura-accommodation-at-gourissa-resort/theindiantigersafaris@gmail.com,https://indiantigersafaris.com
301,https://indiantigersafaris.com/footer/footer-3-home-it-solution/,https://indiantigersafaris.com
